provider_name,status,risk_tier,primary_asn,additional_asns,known_prefixes,country_registration,country_operations,corporate_entity,aliases,parent_entity,upstream_providers,downstream_of,sanctions_designations,key_personnel,associated_threat_actors,associated_malware,operational_patterns,identification_signals,first_observed,last_updated,rf_threat_density_score,sources,notes,description
PROSPERO OOO / Proton66,flagged,T1-Confirmed BPH,AS200593,AS198953,45.135.232.0/24; 45.140.17.0/24,Russia,Russia (St. Petersburg),PROSPERO OOO,BEARHOST; SecureHost; Underground; Chang Way Technologies,,St. Petersburg IXP,,,,GootLoader; SocGholish; FIN7,GootLoader; SocGholish; SpyNote; FakeBat; XWorm; StrelaStealer; WeaXor/Mallox; SuperBlack (Mora_001),Underground forum advertising; Self-identified bulletproof,No KYC; Underground forum presence; Bulletproof self-identification; High malicious traffic ratio,,2026-05-16,,"IOCTA-2026; INTRINSEC-PROSPERO; Trustwave SpiderLabs; GreyNoise (Ivanti EPMM, Feb 2026)",Coupled Russian AS pair assessed by Intrinsec + Trustwave SpiderLabs as single operator marketing on Russian-language forums as BEARHOST/SecureHost/UNDERGROUND. Feb 2026 GreyNoise: AS200593 dominant source of Ivanti EPMM mass exploitation (83% from one IP). Likely rebrand arm: Chang Way Technologies (HK). Block at CIDR level.,
Aeza International Ltd,sanctioned,T1-Confirmed BPH,AS210644,AS216246,,Russia,Russia (St. Petersburg),Aeza International Ltd,Aeza Group LLC; Aeza Logistic LLC; Cloud Solutions LLC; Datavice,,aurologic GmbH (AS30823),,OFAC July 1 2025; UK NCA July 1 2025; OFAC expanded Nov 19 2025 (Hypercore; Datavice),CEO Penzev (arrested April 2025); GD Bozoyan; CTO Gast; 33% owner Knyazev,BianLian ransomware,Meduza; Lumma; RedLine; BianLian; BlackSprut; RomCom RAT,Shell games; Rapid rebranding (Hypercore successor),High malicious traffic ratio; Sanctioned personnel; No KYC,,2026-06-29,,IOCTA-2026; RF-TAE-2026; OFAC-AEZA; CHAINALYSIS-OFAC,"OFAC-designated July 1 2025 (coordinated with UK NCA). Hosts Meduza Lumma RedLine infopanels BianLian ransomware BlackSprut darknet drug marketplace RomCom RAT. TRON wallet TU4tDFRvcKhAZ1jdihojmBWZqvJhQCnJ4F designated. Nov 19 2025 OFAC expanded to Hypercore Ltd and Datavice. Upstream transit still flows through aurologic AS30823. AS211522 is registered to the Aeza front Hypercore Ltd (RIPE as-name HYPERCORELTD, created 2025-07-10), not to Aeza International directly.",
Stark Industries Solutions,sanctioned,T1-Confirmed BPH,AS44477 (transferred),,,United Kingdom (dissolved),Moldova,Stark Industries Solutions Ltd,PQ Hosting; PQ Hosting Plus S.R.L.; MIRhosting ties,WorkTitans B.V. / THE.Hosting (successor),,,EU May 20 2025 (17th Russia package),Ivan Neculiti; Iurie Neculiti,NoName057(16); FIN7/GrayAlpha; Sandworm,DDoSia; Doppelganger,Shell games; Rapid rebranding; Prefix migration; Sub-leasing,Sanctioned personnel; Shell company structure; Rapid rebranding,2022-02-10,2026-05-16,,IOCTA-2026; RF-TAE-2026; RF-STARK; GREYNOISE-STARK; CENSYS-BPH; EU-STARK,EU-sanctioned May 20 2025. UK-incorporated Feb 10 2022 — two weeks before Russia invaded Ukraine. White-label front for Moldova PQ Hosting and Netherlands MIRhosting. Preempted sanctions by transferring AS44477 to PQ Hosting Plus S.R.L. ~12 days ahead. Now formally dissolved.,
Zservers,sanctioned,T1-Confirmed BPH,AS216071 (historical),AS213194; AS61336; AS213010,,Russia,Russia (Barnaul),Zservers,XHost; XHOST Internet Solutions LP,,,,US/UK/AU trilateral Feb 11 2025,Admins Mishin; Bolshakov,LockBit affiliates; BianLian; Hunters International,LockBit; Mallox; Dharma; Phobos; Globeimposter; Cryptolocker; REvil,Prefix hopping; Shell games (XHOST UK front),Sanctioned personnel; High malicious traffic ratio; Underground forum presence,,2026-05-16,,OFAC-ZSERVERS; CHAINALYSIS-BPH,First Russia-based BPH sanctioned in 2025 wave. Chainalysis tied payments to LockBit BianLian Hunters International Mallox Dharma Phobos Globeimposter Cryptolocker REvil. Linked to 2022 Medibank breach. Post-sanction prefix-hopping to AS213194 AS61336 AS213010.,
Media Land LLC,sanctioned,T1-Confirmed BPH,AS206728,AS48721; AS211409; AS215311,,Russia,Russia (St. Petersburg),Media Land LLC,Yalishanda; Alexander Volosovyk; ML.Cloud; Media Land Technology,,,,OFAC/UK/AU trilateral Nov 19 2025,Yalishanda (Alexander Volosovyk),LockBit; BlackSuit; Play ransomware,Trickbot; Emotet; Qakbot; IcedID,Shell games; Long-running operation,High malicious traffic ratio; No KYC; Underground forum presence,,2026-05-16,,OFAC-MEDIALAND; INTEL471-MEDIALAND; Team Cymru; SPAMHAUS-BPH,OFAC/UK/AU trilateral sanctions Nov 19 2025 (FBI-coordinated). Operated by Yalishanda — veteran Russian BPH operator. Three leaders + three sister companies sanctioned. Long-documented by Intel 471 Team Cymru Spamhaus.,
ELITETEAM / 1337TEAM LIMITED,active,T1-Confirmed BPH,AS51381,AS39770; AS60424; AS56873,185.215.113.0/24,Seychelles,Russia,1337TEAM LIMITED,ELITETEAM-PEERING-AZ1,,Crex Fex Pex; AS Infolika; OOO RAIT TELECOM; DDoS-Guard; Filanco/Datahouse.ru,,,,Turla (Secret Blizzard),Amadey; RedLine; Stealc; BabbleLoader,Offshore shell registration; High concentration malicious traffic,High malicious traffic ratio (100% of /24 flagged); No KYC; Offshore registration,2020-11-13,2026-05-16,,TRENDMICRO-INTERPOL,Russia-operated BPH registered in Seychelles at Panama Papers-linked address. VirusTotal flags 100% of 185.215.113.0/24 as malicious. Block at perimeter.,
FUNNULL Technology Inc.,sanctioned,T1-Confirmed BPH,,routes through AS152194 (CTG Server Limited),,Philippines,China/Philippines,FUNNULL Technology Inc.,FUNNULL CDN; Liu Lizhi,CTG Server Limited (backbone),,,OFAC May 2025,Liu Lizhi,Triad Nexus,Pig-butchering infrastructure; phishing portals,Infrastructure laundering (compromised cloud accounts); Geofencing,High malicious traffic ratio; Infrastructure laundering; Sanctioned personnel,,2026-06-29,,OFAC-FUNNULL; SILENTPUSH-FUNNULL; FBI IC3,OFAC-sanctioned May 2025 for $200M+ pig-butchering fraud and 200000+ unique hostnames. Post-sanction pivot to infrastructure laundering via compromised AWS/Cloudflare/Google/Microsoft accounts. Triad Nexus reportedly rebuilding into 2026 as Bole CDN / CDN1.ai.,
WorkTitans B.V. / THE.Hosting,evading,T1-Confirmed BPH,AS209847,,,Netherlands,Netherlands,WorkTitans B.V.,THE.Hosting; Misfits Media; WT Hosting; Fezzy BV,Stark Industries Solutions (predecessor),,,"Not directly designated; successor to EU-sanctioned Stark Industries/Neculiti (AS209847 created June 24 2025, after the May 20 2025 designation)",Youssef Zinad (MIRhosting legal-team associate),,,Sanctions-evasion vehicle; Rapid rebranding,Shell company structure; Sanctioned personnel (via Neculiti); Rapid rebranding,2025-06-24,2026-06-29,,RF-STARK; GREYNOISE-STARK; CENSYS-BPH; EU-STARK,Dutch post-sanctions successor to Stark Industries/PQ.Hosting. AS209847 created June 24 2025. GreyNoise confirmed seamless migration from AS44477. Censys confirmed via RDP hostname fingerprint reuse (WIN-J9D866ESIJ2).,
Hypercore LTD,sanctioned,T1-Confirmed BPH,AS215552,AS211522,,United Kingdom,United Kingdom,Hypercore LTD,Aeza front company,Aeza Group LLC (parent),,,OFAC/UK Nov 19 2025,,,,Sanctions-evasion vehicle; Corporate shell,Shell company structure; Sanctioned personnel (via Aeza),,2026-06-29,,OFAC-AEZA; OFAC-MEDIALAND,"UK-registered Aeza Group front. Second iteration of Aeza UK-shell playbook. Any transactions trigger OFAC secondary-sanctions exposure. AS211522 created 2025-07-10 (RIPE HYPERCORELTD); Companies House No. 16558658, incorporated 2025-07-03, 120 Fleet Street, London EC4A 2BE. Migrated 2,100+ IPs from Aeza AS210644 to AS211522 starting 2025-07-20. OFAC/OFSI designated Hypercore Nov 19 2025 as an Aeza front.",
Femo IT Solutions Ltd (Defhost),flagged,T2-High Risk,AS214351,,,United Kingdom (shell),Germany/Ukraine,Femo IT Solutions Ltd,Defhost; defhost.co; FEMOIT,,aurologic GmbH (AS30823),aurologic GmbH,,Artur Mikhailovich Vovk (DOB 1988-09-12 Rohatyn UA),,SVCStealer; CoinMiner; DonutLoader; Rhadamanthys; Stealc; RemcosRAT; QuasarRAT; RedLine; Lumma; OrcusRAT; PrivateLoader; SmokeLoader; Amadey; CastleLoader; Evilginx/EvilGoPhish; DanaBot; Meduza Stealer,No route diversification (aurologic only); Shell company,High malicious traffic ratio; No route diversification; Shell company structure,2024-08-15,2026-05-16,,RF-TAE-2026; RF-AUROLOGIC,UK shell running defhost.co BPH brand. 2 /24 prefixes via aurologic GmbH AS30823. Shodan: 1142 servers in Germany. Hosts C2/loader infrastructure for 15+ malware families. Payment via Heleket.com; clustered with qckl.net/qckl.host.,
Tnsecurity Ltd (EVILEMPIRE),flagged,T2-High Risk,AS216309,,,Germany,Russia (conflicting),Tnsecurity Ltd,EVILEMPIRE,,aurologic GmbH (AS30823),aurologic GmbH,,,Doppelganger disinformation,,abuse.ch ASN-DROP listed; Doppelganger infrastructure,ASN-DROP inclusion; High malicious traffic ratio; Conflicting geolocation,,2026-05-16,,abuse.ch; HYAS-RISEPRO; QURIUM-DOPPELGANGER; RF-AUROLOGIC,abuse.ch ASN-DROP list flags 'do not route or peer — under cybercriminal control.' HYAS April 2024 flagged for unusually high malware activity. Qurium tied to Doppelganger disinformation. AS-level block recommended.,
Railnet LLC / Virtualine Technologies,flagged,T2-High Risk,AS214943,,,Russia,Russia,Railnet LLC,Virtualine Technologies; RAILNET,,aurologic GmbH (AS30823),aurologic GmbH,,,UAC-0050; UAC-0006,Latrodectus; AsyncRAT,Underground forum advertising; Prefix shedding; No route diversification,Underground forum presence; High malicious traffic ratio; No route diversification,,2026-06-29,~20% (highest in RF chart),RF-TAE-2026; GBHACKERS-BPH; TEAMCYMRU-VIRTUALINE; SPAMHAUS-BPH; RF-AUROLOGIC,Operated by Virtualine Technologies. Advertised on Russian-language underground forums for phishing/spam enablement. GBHackers tied to UAC-0050 and UAC-0006 infrastructure shifts against Ukrainian banking and energy. RF Threat Density chart shows Virtualine as #1 highest risk TAE in 2025. | Merged record (was a duplicate AS214943 row): Virtualine Technologies is the operator behind Railnet LLC; per RF TAE case study it shifted IPv4 resources to metaspinner net GmbH in April 2025 and became a primary distribution hub for Latrodectus and AsyncRAT.,
QWINS LTD,flagged,T2-High Risk,AS213702,,141.98.6.0/24,United Kingdom (shell),Russia,QWINS LTD,,,,,,Kristina Konstantinova (nominee director Nov 2024-April 2025),,Makoob; Guloader; AgentTesla; Lumma; Amadey; RedLine,Nominee director pattern; Telegram bot sales; Shell company,Shell company structure; No KYC (Telegram bot ~$2/mo); High malicious traffic ratio,2024-11-11,2026-05-16,,INTEL-INSIGHTS-QWINS,Incorporated Nov 11 2024 UK. Cheap VPS via Telegram bot (~$2/mo). Nominee director pattern (6-month tenure). Vasilis Orlof tied AS213702 to multiple malware families via 141.98.6.0/24.,
GCSAS (Global Connectivity Solutions LLP),suspected,T2-High Risk,AS215540,,,United Kingdom (LLP shell),,Global Connectivity Solutions LLP,GCSAS,,,,,,Black Basta; Cactus ransomware,,UK LLP shell; Routing conduit for Stark Industries,Shell company structure; No route diversification; Ransomware C2,,2026-05-16,,GBHACKERS-BPH,UK LLP (OC450701 ~2024) operating AS215540. ~176 prefixes / ~41K IPs. Routing conduit for Black Basta and Cactus ransomware C2 via Stark Industries AS44477. Fits Russia-linked UK-LLP BPH pattern.,
Karina Rashkovska,flagged,T2-High Risk,AS215789,,147.45.44.0/24 (CH); 82.115.223.0/24 (NL),Ukraine (Dnipropetrovska),Netherlands; Switzerland,,KARINAR; ORG-KR98-RIPE,,aurologic GmbH (AS30823),aurologic GmbH,,,,RisePro stealer,Single-maintainer shell; No route diversification,No route diversification; Shell entity; High malicious traffic ratio,2024-01-03,2026-05-16,,HYAS-RISEPRO; RF-AUROLOGIC,RIPE-registered Jan 3 2024 to individual at Vysoke 53200 Dnipropetrovska UA. Upstream: aurologic AS30823. HYAS flagged for RisePro stealer C2. 2223 domains across 72 IPs. Classic aurologic-downstream single-maintainer shell.,
Cloudzy / abrNOC,exposed,T3-Suspected,AS14956,,,United States (Wyoming shell),Iran,RouterHosting LLC,abrNOC,,,,,Hannan Nozari,APT10; APT33/34; Kimsuky/BlueNoroff; APT29/Turla; Candiru spyware; Ghost Clown; Space Kook,EvilProxy AiTM,Iranian front company; Shell games,No KYC; Anonymous crypto RDP VPS; Shell company structure; High malicious traffic ratio (40-60%),,2026-05-16,,HALCYON-CLOUDZY; Flare/SRA-TIGR (March 2026),Wyoming-incorporated C2P exposed by Halcyon Aug 2023 as operational front for Iranian firm abrNOC (Tehran). 40-60% of infrastructure supports malicious activity. Used by multiple nation-state APTs.,
metaspinner net GmbH,suspected,T3-Suspected,AS209800,,,Germany,Germany,metaspinner net GmbH,,,aurologic GmbH (AS30823),aurologic GmbH,,,,,Prefix migration recipient from Virtualine,No route diversification; Malicious traffic migration indicator,,2026-05-16,,"RF-TAE-2026; RF-AUROLOGIC; Krebs (reader comments, Sep 2025)",Insikt-named aurologic downstream. Co-resident on AS30823 transit cluster. Krebs comments noted malicious traffic migration from Virtualine AS214943 to AS209800.,
KPROHOST,suspected,T3-Suspected,AS214940,,,United States (Kentucky shell),,KPROHOST LLC,KPRONET,,aurologic GmbH (AS30823),aurologic GmbH,,,,,Shell company; Gmail abuse contact; aurologic downstream,Shell company structure; No route diversification; Gmail abuse contact,2024-05-10,2026-05-16,,RF-AUROLOGIC; RIPE registry,RIPE-registered 2024-05-10 by KPROHOST LLC (Frankfort KY). 2 /24 IPv4 + 1 /48 IPv6. Abuse contact kprohost.abuse@gmail.com. Upstream relationship with aurologic cluster.,
Altawk (Daniil Yevchenko),suspected,T3-Suspected,,,,Russia,Europe shell,,,,aurologic GmbH (AS30823),aurologic GmbH,,Daniil Yevchenko,Doppelganger disinformation,,aurologic downstream; Russia-linked,No route diversification; Russia-linked,,2026-05-16,,QURIUM-DOPPELGANGER; RF-AUROLOGIC,Named by Qurium + Insikt as aurologic-downstream Russia-linked infrastructure enabler tied to Doppelganger disinformation network.,
HostSlick,suspected,T3-Suspected,AS208046,,,Netherlands,Netherlands,,hostslick.com,,ColocationX (upstream),,,,,,Forum advertising on underground platforms; Tiered abuse tolerance,Underground forum presence; DMCA-ignored marketing,,2026-05-16,,LowEndTalk; BreachForums,Netherlands offshore host advertising on LowEndTalk cracked.io BlackHatWorld BreachForums. Self-advertises DMCA Ignored. Operator transparent that abuse tolerance tracks pricing tier.,
aurologic GmbH,active,T2-High Risk (Upstream Enabler),AS30823,,,Germany,Germany (Langen),aurologic GmbH,combahton GmbH (predecessor); fastpipe.io,,,,,CEO Hofmann,,,Central upstream hub; LIR manipulation,High malicious traffic ratio (top-10 globally); Upstream for multiple T1-T2 entities,2023-10,2026-05-16,,RF-AUROLOGIC; RF-TAE-2026,Central upstream hub for Europe's high-risk hosting ecosystem. Formed Oct 2023 from combahton GmbH's fastpipe.io. 1-5 Tbps at Tornado Datacenter GmbH Langen. Remains primary upstream for Aeza despite sanctions. Downstream cluster: Femo IT Railnet/Virtualine SWISSNETWORK02 metaspinner Tnsecurity WAIcore Altawk Karina Rashkovska KPROHOST. Top-10 globally by malicious activity concentration.,
Garantex,evading,T1-Confirmed BPH (Financial Enabler),,,,Russia,Russia / Estonia shell / Moscow-City,Garantex,Grinex; Exved; InDeFi Bank; A7A5; MKAN Coin,,,,OFAC April 2022; EU 16th package Feb 2026; servers/domains seized March 2025; OFAC re-designation Aug 14 2025 expanded to Grinex Exved InDeFi Bank A7A5,Mira Serda ($5M State Dept reward),,,Sanctions evasion; Successor spawning,Sanctioned personnel; Evading via successor entities,2016,2026-05-16,,OFAC-GARANTEX; CHAINALYSIS-OFAC; CHAINALYSIS-BPH,Foundational payment rail for BPH ecosystem. Zservers Aeza Media Land received proceeds via Garantex wallets. Post-takedown successors: ABCeX Rapira Exmo Aifory Pro Bitpapa MKAN Coin.,
BuyVM / Frantech Solutions,active,T4-Gray Zone,AS53667,,,Canada,Canada / US / Luxembourg,Frantech Solutions,,,,,,Francisco Dias,,,Permissive hosting; Tor-friendly,Slow abuse response; Permits Tor exit relays; Anonymous payment accepted,2007,2026-05-16,,Scamalytics,Canadian low-cost VPS provider. Operates data centers in Las Vegas and Luxembourg. Permits Tor exit relays. AUP formally prohibits malicious content but abuse response is slow. Scamalytics 40/100 fraud score.,
AlexHost,active,T4-Gray Zone,AS200019,,176.123.0.0/16; 37.221.64.0/19,Moldova,Moldova (Chisinau),S.R.L. AlexHost,,,Voxility (DDoS mitigation),,,,,,DMCA-ignored marketing; Offshore jurisdiction; Crypto payment,No KYC optional; DMCA-ignored; Crypto payment; Slow abuse response,,2026-05-16,,STISC; Moldovan govt reporting,Moldovan offshore hoster in former Soviet bomb shelter. Markets DMCA-ignored hosting. Named in STISC reporting after 1330-email phishing wave spoofing Moldovan government. Expanded footprint to NL SE BG CH DE FR UK RO.,
PrivateAlps / Private Layer,active,T4-Gray Zone,AS51852,,,Switzerland,Switzerland,Private Layer AG,Private Layer; privatealps.net,,,,,,,,DMCA-ignored; Monero-friendly; Tor-permissive; Swiss jurisdiction,No KYC; DMCA-ignored; Crypto payment (Monero); Permits Tor/Kali,~2019,2026-05-16,,RF-TAE-2026,Swiss-jurisdiction offshore brand with ties to Private Layer AG. Markets fully DMCA ignored no-logs anonymous registration Monero-friendly. Swiss non-EU jurisdiction provides compliance cushion.,
FlokiNET,active,T4-Gray Zone,AS200651,,,Seychelles,Romania / Finland / Iceland,Floki Network Services Ltd,,,,,,,,,Free-speech BPH; Multi-jurisdiction,Messaging-only possible; DMCA-ignored; Offshore registration,,2026-05-16,,TRENDMICRO-INTERPOL,Commercialized free-speech BPH brand with multi-jurisdiction presence. Trend Micro/Interpol 2023-named (13% of Africa offshore BPH sourcing). Explicit uncensored hosting marketing.,
Shinjiru,active,T4-Gray Zone,AS45839,multiple regional ASNs,,Malaysia,NL; RU; BG; LT; SG; LU; HK,Shinjiru MSC Sdn Bhd,Shinjiru Technology,,,,,,,,DMCA-ignored; Multi-jurisdiction; Crypto payment; Advises Cloudflare fronting,No KYC; DMCA-ignored; Anonymous registration; Crypto payment,~2003,2026-05-16,,SPAMHAUS-BPH; WebHostingTalk,20+ year veteran Malaysian offshore host. 8 jurisdictions. Markets DMCA-ignored hosting. Spamhaus flagged unnamed Malaysia-based ISP matching Shinjiru profile. Non-response to phishing/malware abuse complaints.,
Phanes Networks,active,T4-Gray Zone,AS49042,,,Netherlands,Netherlands (Urk),SKB Enterprise B.V.,Phanes Cloud; Flaunt7 (predecessor); SpectraIP,,,,,Sijmen Klaas Bakker,,,Rebranded from Flaunt7,Slow abuse response; Rebranded from flagged entity,,2026-05-16,,Trustpilot,Dutch hoster at Keteldiep 15 Urk. Rebranded from Flaunt7. Trustpilot reviews document unresponsive abuse handling for phishing complaints.,
PQ Hosting Plus S.R.L.,sanctioned,T1-Confirmed BPH,AS44477 (post-transfer),,,Moldova,Moldova,PQ Hosting Plus S.R.L.,PQ Hosting successor; Neculiti brothers,Stark Industries Solutions (predecessor),,,EU May 20 2025 (via Stark/Neculiti designation),Ivan Neculiti; Iurie Neculiti,,,Sanctions-evasion vehicle,Sanctioned personnel; Rapid rebranding,,2026-05-16,,RF-TAE-2026; EU-STARK,Moldova-registered Stark Industries successor entity. Holds AS44477 after pre-sanctions transfer. Same beneficial ownership (Neculiti brothers — EU-sanctioned).,
UFO Hosting LLC,evading,T2-High Risk,AS33993,,,Russia,Russia (Moscow),UFO Hosting LLC,YuFO Hosting; ufo.hosting,Stark Industries Solutions (prefix recipient),StormWall (DDoS fronting),,,Savushkin Mikhail Yuryevich,,,Sanctions-resilient vehicle; Prefix migration recipient,Shell company structure; Rapid infrastructure migration,2025-03-13,2026-06-29,,RF-STARK,Russia-based ISP RIPE-registered March 13 2025. Identified as sanctions-resilient vehicle for Stark Industries Russian prefix migration beginning April 10 2025. AS33993 announced 21 prefixes.,
MIRhosting B.V.,flagged,T2-High Risk,AS52000,,,Netherlands,Netherlands (Amsterdam),MIRhosting B.V.,Innovation IT Solutions Corp; Nesterenko,,,,,Andrey Nesterenko,,,Netherlands infrastructure pillar for Stark/WorkTitans chain,Non-cooperative with LE historically; Key infrastructure node,~2008,2026-05-16,,Krebs; RF-INFRA-2025; GREYNOISE-STARK,Operated by Andrey Nesterenko. Historically hosted StopGeorgia.ru (2008 Russia-Georgia cyberwar). Netherlands infrastructure pillar for Stark Industries and now WorkTitans/THE.Hosting. Youssef Zinad (WorkTitans founder) was part of MIRhosting legal team.,
Global-Data System IT Corp (SWISSNETWORK02),flagged,T2-High Risk,AS34888; AS42624,,,Switzerland,Switzerland,Global-Data System IT Corporation,SWISSNETWORK02; Simple Carrier LLC (predecessor),,aurologic GmbH (AS30823),aurologic GmbH,,,,,Zero route diversification; aurologic-locked,No route diversification (11 prefixes all through AS30823); Shell entity,,2026-05-16,,RF-AUROLOGIC,Aurologic downstream with zero route diversification. 11 active prefixes all through AS30823. ASNs transferred from Simple Carrier LLC.,
PINSPB (Petersburg Internet Network Ltd),flagged,T2-High Risk,AS44050,,,Russia,Russia (St. Petersburg),Petersburg Internet Network Ltd,PIN; Pinspb,,,,,,,,Long-running Russian BPH,High malicious traffic ratio; Non-cooperative with LE,,2026-05-16,,TRENDMICRO-INTERPOL,Long-running Russian BPH. Trend Micro + Interpol 2023 ranked PIN as 19% of malicious offshore BPH sourcing — behind ELITETEAM (48%) ahead of FlokiNET (13%).,
CTG Server Limited,flagged,T1-Confirmed BPH,AS152194,,,Hong Kong,Philippines/China,CTG Server Limited,FUNNULL backbone,FUNNULL Technology Inc. (parent),,,OFAC May 2025 (via FUNNULL designation),,Triad Nexus,Pig-butchering infrastructure; brand impersonation,Infrastructure laundering; Geofencing; Rotating CNAMEs,Infrastructure laundering; Geofencing; Sanctioned (via FUNNULL); On Spamhaus ASN droplist,,2026-06-29,,SILENTPUSH-FUNNULL; OFAC-FUNNULL; INFOBLOX-DCLOUD,"Persistent backbone ASN for FUNNULL/Triad Nexus. $200M+ pig-butchering losses. FUNNULL parent sanctioned. 175+ rotating CNAMEs and infrastructure laundering via compromised cloud accounts. Infoblox (June 2026): hosts 19 of the top 20 BPH-hosted DCloud Uni-App scam SLDs (236,000+ total since mid-2022); on the Spamhaus ASN droplist.",FUNNULL/Triad Nexus backbone ASN; Hong Kong-registered; hosts the bulk of BPH-hosted DCloud scam SLDs.
WAIcore Hosting Ltd,flagged,T2-High Risk,AS213887,AS210281,,United Kingdom (registered),Russia-linked,WAIcore Ltd,WAIcore Hosting LTD,,aurologic GmbH (AS30823); RoyaleHosting BV; iFog GmbH; Netshield LTD,aurologic GmbH,,,Doppelganger disinformation,,aurologic downstream; Doppelganger infrastructure,No route diversification; Russia-linked,2024-11-08,2026-05-16,,RF-AUROLOGIC; QURIUM-DOPPELGANGER,AS213887 registered Nov 8 2024 via RIPE. 68 IPv4 and 11 IPv6 prefixes. Named by RF Insikt and Qurium as aurologic-downstream within Doppelganger disinformation infrastructure. Multiple upstreams but aurologic primary.,
First Server Limited,flagged,T2-High Risk,AS204997,AS50113; AS205090,,United Kingdom,Russia-linked,First Server Limited,,,,,,,LockBit; Conti; BlackCat/ALPHV; Qilin,LockBit; Conti; BlackCat; Qilin; TrickBot; Ursnif; RedLine; NetSupport; WantToCry,VMmanager ransomware VM supply operation,High malicious traffic ratio; Shell company structure; Ransomware infrastructure,,2026-05-16,,SOPHOS-VMMANAGER; BleepingComputer; TrollEye Security,Named by Sophos Feb 2026 alongside Stark Industries for VMmanager Windows-template ransomware VM supply operation. Multiple ASNs: AS204997 AS50113 AS205090. ISPsystem VMmanager default Windows templates reuse hostnames enabling stealthy payload delivery for WantToCry and other ransomware families.,
Silent Connection Ltd,dissolved,T3-Suspected,AS215240,,,United Kingdom,,Silent Connection Ltd,,,,,,,,,Dissolved-but-live pattern,Dissolved-but-live; Network persists after corporate dissolution,,2026-05-16,~1-2% (RF chart),EXCEDO-ASN; RF-TAE-2026,Compulsorily dissolved at UK Companies House January 2025. AS215240 network remains live and continues to facilitate cybercrime despite corporate dissolution. Appears at position 9 in RF 2025 Threat Density chart.,
Dolphon 1337 Ltd,dissolved,T3-Suspected,AS215208,,,United Kingdom,,Dolphon 1337 Ltd,Dolphin 1337 Limited,,,,,,,,Dissolved-but-live; Possible ELITETEAM connection (1337 naming),Dissolved-but-live; 1337 naming convention,2024-03-28,2026-05-16,,EXCEDO-ASN,Companion dissolved-but-live entity to Silent Connection Ltd. AS215208 registered March 28 2024 via RIPE. 1337 naming convention suggests possible ELITETEAM/1337TEAM orbital relationship. Compulsorily dissolved Jan 2025 but ASN persists.,
CDNCloud,active,T5-Watch List,,,,Hong Kong,China (Alibaba-routed),,cdnclouds.net,,Alibaba Cloud,,,,,,Low-footprint CDN brand,Insufficient data,2015-01,2026-05-16,,,Low-footprint provider on Hong Kong Alibaba infrastructure. Limited public CTI reporting. Watch-list as CDN brand that could front Asian BPH.,
NECHAEVDS,active,T5-Watch List,,,,Russia,Russia,,,,,,,,,,Small Russian-operator BPH profile,Insufficient data; Russian operator pattern,,2026-05-16,,,Naming pattern fits small Russian-operator BPH profile. Active baseline pending ASN enumeration.,
NETINNOVATIONLLC,active,T5-Watch List,,,,United States (shell),Eastern Europe (likely),,,,,,,,,,US shell pattern,Insufficient data; Shell company pattern,,2026-05-16,,,LLC suffix without country qualifier suggests US or offshore-US shell. No sanctions or public CTI designation.,
Tiger Net (SOW-A),active,T5-Watch List,,,,Unknown,Unknown (likely Asia/CIS),,SOW-A,,,,,,,,Unknown,Insufficient data,,2026-05-16,,,SOW-A qualifier unusual. Limited public OSINT. Enrichment needed.,
HOSTYPE,active,T5-Watch List,,,,Unknown,Unknown,,,,,,,,,,Unknown small operator,Insufficient data,,2026-05-16,,,Minimal public profile. Short-form naming matches small-operator pattern.,
StarCloud Global (Triad Nexus),flagged,T3-Suspected,,,,Asia (Philippines/China likely),,,Triad Nexus-affiliated brand,FUNNULL Technology Inc. (affiliated),,,OFAC May 2025 (via FUNNULL lineage),,Triad Nexus,,Triad Nexus CDN front brand,Infrastructure laundering; Triad Nexus connection,,2026-05-16,,SILENTPUSH-FUNNULL,Triad Nexus-affiliated CDN front brand. Likely among Silent Push-identified clean CDN front brands feeding traffic into laundered FUNNULL ecosystem.,
DDoS-Guard,active,T5-Watch List,AS49612,AS57724,,Russia,Russia,DDoS-Guard LTD,,,,,,,,,Dual-use DDoS mitigation + hosting,Dual-use; Historical controversial customers; Russian ecosystem,,2026-05-16,,,Dual-use Russian DDoS mitigation + hosting. Historical Parler/8chan host. ELITETEAM AS51381 peer. Not classified BPH but persistent presence in Russian cybercrime ecosystem.,
1GSERVERS LLC,active,T5-Watch List,AS14315,,,United States,United States,1GSERVERS LLC,,,,,,,,Lumma,Small US operator appearing alongside BPH entities,Single source; Limited indicators,,2026-05-16,,INTEL-INSIGHTS-QWINS,Small US-registered operator appearing alongside Proton66 Railnet Femo IT in Lumma malware hunt.,
CrazyRDP,seized,T1-Confirmed BPH,AS394711,AS211252,,Netherlands,Netherlands,Limenet LLC,Delis LLC; CrazyRDP; crazyrdp.com,,Serverion (colocation),,Seized Nov 12 2025 (Operation Endgame; Dutch police),,80+ LE investigations; ransomware; CSAM distribution,Rhadamanthys; VenomRAT; Elysium botnet,No-KYC no-logs; RDP/VPS services; Telegram operations,No KYC; No logs; Underground forum presence; High malicious traffic ratio,,2026-05-16,~17-18% (RF chart #2),"RF-TAE-2026; SPAMHAUS-BPH; BleepingComputer; Europol (Op Endgame, Nov 2025)",Major BPH seized Nov 12 2025 by Dutch police as part of Operation Endgame. ~250 physical servers seized in The Hague and Zoetermeer. Operated as Limenet LLC (AS394711) and previously as Delis LLC (AS211252). Implicated in 80+ LE investigations spanning ransomware CSAM and malware distribution. No-KYC no-logs policy. Infrastructure now completely offline.,
Kaopu Cloud HK Limited,active,T3-Suspected,AS138915,,,Hong Kong,Hong Kong/Global,Kaopu Cloud HK Limited,Keepo Cloud HK,,Cogent; Arelion; NTT; Level3; PCCW Global,,,,,,Large IP allocation; BitTorrent/Tor/VPN activity observed,High malicious traffic ratio; Large IP space relative to business size,2019-03-19,2026-05-16,~8-10% (RF chart #4),RF-TAE-2026,Hong Kong ISP with 182272 IPv4 addresses across 50+ netblocks and 48429 hosted domains. Appeared at #4 in RF 2025 Threat Density chart. APNIC-registered March 2019. Global router presence in SG VN SA PH US HK. Tagged with BitTorrent Tor exit node and VPN activity. Large infrastructure footprint warrants monitoring.,
Grinex,sanctioned,T1-Confirmed BPH (Financial Enabler),,,,Russia / Kyrgyz Republic,Russia,Grinex,Exved; Garantex successor,Garantex (predecessor),,,OFAC Aug 14 2025 (successor to Garantex); UK OFSI Aug 20 2025,Mira Serda ($5M State Dept reward),,,Sanctions-evasion vehicle; On-chain asset migration from Garantex,Sanctioned personnel; Shared on-chain infrastructure with Garantex,2025-03,2026-06-29,,OFAC-GARANTEX; CHAINALYSIS-A7A5; CHAINALYSIS-OFAC; TRM-A7A5-2026,Direct successor / likely rebrand of OFAC-sanctioned Garantex after the March 2025 disruption. Forensically confirmed shared on-chain infrastructure and asset migration (user funds + newly minted A7A5 via Old Vector). Processed >=$4.76B in 2025. OFAC designated Aug 14 2025 as Garantex's 'direct successor.',Russian no-KYC cryptocurrency exchange; primary Garantex successor laundering rail for the BPH/ransomware ecosystem.
A7A5 / Old Vector,sanctioned,T1-Confirmed BPH (Financial Enabler),,,,Russia / Kyrgyz Republic,Russia / Kyrgyzstan,Old Vector LLC (issuer),A7A5 stablecoin; A7 LLC; Instant Swapper,Garantex/Grinex ecosystem,,,OFAC Aug 14 2025 (Old Vector); EU 19th package Oct 2025 (A7A5 transactions banned),,,,Ruble-backed stablecoin laundering; No-KYC stablecoin swapping,Sanctioned; Ruble-pegged sanctions-evasion stablecoin,2025,2026-06-29,,OFAC-GARANTEX; CHAINALYSIS-A7A5; TRM-A7A5-2026,Russian ruble-backed stablecoin facilitating $93.3B in 10 months. No-KYC Instant Swapper converted >$2.2B of sanctioned A7A5 into mainstream USD-pegged stablecoins. EU banned A7A5 transactions in its 19th sanctions package (Oct 2025).,Sanctions-evasion stablecoin and swap rail bridging sanctioned Russian crypto into mainstream stablecoins.
Nobitex,sanctioned,T2-High Risk (Financial Enabler),,,,Iran,Iran,Nobitex,,,,,OFAC June 2 2026 (E.O. 13902 + counterterrorism E.O. 13224),,,,Terror-finance facilitation; Sanctions evasion,Sanctioned; Iran's largest crypto exchange,,2026-06-29,,OFAC-IRAN-FURY; CHAINALYSIS-OFAC,Iran's largest digital-asset exchange. OFAC-designated June 2 2026 under 'Economic Fury' -- uniquely also under counterterrorism E.O. 13224.,Iranian cryptocurrency exchange sanctioned for terror finance and sanctions evasion.
Wallex,sanctioned,T3-Suspected (Financial Enabler),,,,Iran,Iran,Wallex,,,,,OFAC June 2 2026 (E.O. 13902),,,,Iranian crypto on-ramp; Sanctions evasion,Sanctioned under 'Economic Fury',,2026-06-29,,OFAC-IRAN-FURY,"Iranian crypto exchange designated June 2 2026 under 'Economic Fury' (E.O. 13902, Iran financial sector).",Iranian cryptocurrency exchange sanctioned June 2026.
Bitpin,sanctioned,T3-Suspected (Financial Enabler),,,,Iran,Iran,Bitpin,,,,,OFAC June 2 2026 (E.O. 13902),,,,Iranian crypto on-ramp; Sanctions evasion,Sanctioned under 'Economic Fury',,2026-06-29,,OFAC-IRAN-FURY,"Iranian crypto exchange designated June 2 2026 under 'Economic Fury' (E.O. 13902, Iran financial sector).",Iranian cryptocurrency exchange sanctioned June 2026.
Ramzinex,sanctioned,T3-Suspected (Financial Enabler),,,,Iran,Iran,Ramzinex,,,,,OFAC June 2 2026 (E.O. 13902),,,,Iranian crypto on-ramp; Sanctions evasion,Sanctioned under 'Economic Fury',,2026-06-29,,OFAC-IRAN-FURY,"Iranian crypto exchange designated June 2 2026 under 'Economic Fury' (E.O. 13902, Iran financial sector).",Iranian cryptocurrency exchange sanctioned June 2026.
BtHoster,active,T1-Confirmed BPH,AS213790,"AS213388; AS214295 (dark); AS215476 (dead); AS198465 (predecessor, recycled to CN)",45.142.193.0/24; 77.90.185.0/24; 172.94.9.0/24; 192.253.248.0/24; 206.123.156.0/24; 185.93.89.0/24; 45.129.14.0/24,United Kingdom (shells),Lithuania / Bulgaria (transit),Limited Network LTD; Skynet Network Ltd; Inside Network LTD; BtHoster LTD (predecessor),BtHoster; BTCloud; btcloud.ro,,"UAB Host Baltic (AS209605); Tube-Hosting (AS49581, aurologic)",,,"Nominee dirs: Murray Charles / Jonathan Reynolds / Brooks William Thomas; provisioned via Khatibi (UAE, wcd maintainer) + Mashayekhi (Iran LIR)",Initial Access Brokers,Mirai; RisePro; Cobalt Strike; Remcos; Moobot; HookBot,AS-leasing; Shell rebranding (BtHoster LTD->Skynet/Inside->Limited Network); Prefix transfer w/ inetnum retained across ASN rotation; masscan-server provisioning; Iranian-prefix false-flag,On Spamhaus ASN-DROP (AS213790 + AS213388); self-advertised bulletproof (@bthosterltd); masscan ~1300 kpps; shell/nominee structure; shared wcd RIPE maintainer,2023,2026-06-30,,INTRINSEC-BTHOSTER; SECURITYONLINE-BTHOSTER; RIPE-AAWG-BTHOSTER,"Confirmed multi-vector (2026-06): BtHoster = ""BTCloud"" operator running recycled UK '[Word] Network LTD' shells -- BtHoster LTD (AS198465, dead 2024-03) -> Skynet Network Ltd (AS214295) + Inside Network LTD (AS215476) (struck off 2025) -> Limited Network LTD (AS213790, ACTIVE) + downstream AS213388. Live identity tied by: the 45.142.193.0/24 inetnum is owned by Limited Network LTD (migrated Skynet->AS213388 on 2026-06-23, owner unchanged); abuse@btcloud.ro brand on its ARIN blocks; direct AS213790<->AS214295 peering; shared 'wcd' RIPE maintainer (Khatibi/UAE). Sells pre-configured masscan servers (~1300 kpps) to Initial Access Brokers; transfers prefixes between shells to erase reputation; reuses Iranian-origin prefixes to fake Iran attribution. Both live ASNs on Spamhaus ASN-DROP. Transit via UAB Host Baltic (AS209605) + Tube-Hosting (AS49581, aurologic) with a Bulgarian backstop (SS-NET AS204428 / 4Vendeta). Full attribution dossier in internal investigation.",Confirmed bulletproof / AS-leasing operator ('BTCloud') running rotating UK nominee shells; live as Limited Network LTD (AS213790)/AS213388; masscan-as-a-service to IABs.
Pfcloud UG,active,T3-Suspected,AS51396,,,Germany,Germany,Pfcloud UG (haftungsbeschraenkt),,,,aurologic-linked ecosystem,,,,,Bulletproof-adjacent; Sustained scanning/proxy abuse,Censys BULLETPROOF label; Honeypot scanning telemetry; aurologic-ecosystem adjacency,2026,2026-06-29,,RUDIS-BPH-WATCH; RF-AUROLOGIC,Real RIPE-registered German micro-provider (AS51396). Recorded Future lists it in the aurologic-linked malicious-infrastructure ecosystem (Railnet routes a /24 through it); ai.rud.is honeypot telemetry (June 2026) flagged it as the week's most active scanner. CAVEAT: dedicated 'bulletproof' signal leans on one honeypot tracker; RF provides the independent anchor.,"German micro-provider, bulletproof-adjacent; corroborated abuse signal with single-honeypot caveat."
Dabai Guarantee,active,T2-High Risk (Financial Enabler),,,,China (Telegram-based),Southeast Asia / China,Dabai Guarantee,大白担保; @DBTM301,,,,,,Chinese-language scam-compound ecosystem,MaaS; deepfake tooling; KYC-bypass services,Guarantee/escrow marketplace; Money-laundering facilitation,Telegram guarantee marketplace; Huione-successor pattern,2024-12,2026-06-29,,RF-GUARANTEE-2026,"Recorded Future/Insikt (Feb 2026): major Chinese-language guarantee (danbao) marketplace resembling defunct Huione; emerged ~Dec 2024 and rose as a leading successor after the May 2025 Huione/Xinbi Telegram bans (30+ successors emerged). Largest group ~19,225 members. Brokers laundering, compromised accounts, SIM/PII, MaaS, deepfakes, KYC-bypass; sweeping ops vs South Korea/Japan. NOTE: pre-dated the bans (~Dec 2024); rose as successor rather than 'emerged after.'",Chinese-language Telegram guarantee/escrow marketplace and laundering facilitator; Huione successor.
Tudou Guarantee,dissolved,T2-High Risk (Financial Enabler),,,,Cambodia / Telegram-based,Southeast Asia,Tudou Guarantee,Potato; 土豆担保,"Huione (30% stake, Dec 2024)",,,,,,,Guarantee/escrow marketplace; Money-laundering facilitation; Wound down post-arrest,3rd-largest illicit marketplace; Admin-wallet collapse after Chen Zhi arrest,,2026-06-29,,ELLIPTIC-TUDOU; RF-GUARANTEE-2026; OFAC-HUIONE-PRINCE,Huione's designated successor (Huione took 30% stake Dec 2024). Processed >$12B -- 3rd-largest illicit marketplace ever. Wound down (returned merchant deposits) after the Jan 6 2026 arrest of Prince Group chairman Chen Zhi; Elliptic shows admin-wallet activity collapsing thereafter.,"Telegram guarantee marketplace for the SEA scam economy; Huione successor, wound down Jan 2026."
H-Pay Service PLC,flagged,T2-High Risk (Financial Enabler),,,,Cambodia,Cambodia,H-Pay Service PLC,Huione Pay successor,Huione Group,,,FinCEN proposed Section 311 amendment June 23 2026 (successor-entity rule),,,,Successor facilitator; Inherited Huione Pay branches/customers/branding,Named FinCEN successor facilitator; Huione-ecosystem continuity,2026,2026-06-29,,OFAC-HUIONE-PRINCE,"FinCEN (June 23 2026) proposed amending its Oct 2025 Huione Section 311 Final Rule to add Cambodia-based H-Pay Service PLC and 'any successor entity,' naming H-Pay the successor facilitator that inherited Huione Pay's branches, customer base, branding, and operational footprint.",Cambodian successor facilitator to the shut-down Huione Pay laundering operation.
Asocks,seized,T2-High Risk,AS48266,,205.198.91.136; 205.198.91.155; 194.147.16.244,Unknown (UK-hosted infra),Netherlands (servers); global botnet,,asocks.com; LVCHA VPN-linked,,,,,,PROXYLIB (2024),Residential-proxy botnet (17M+ devices); malicious SDK enrollment,Residential-proxy / traffic-obfuscation enabler; Covert device enrollment,LE-disrupted (NCSC-NL May 2026); Clearnet storefront persists; Silent Push IOC cluster,2024,2026-06-29,,NCSC-NL-ASOCKS; SILENTPUSH-CHINESEVPN,"Residential-proxy network (asocks[.]com, 7M+ marketed IPs). Dutch Politie + NCSC-NL dismantled a 17M-device residential-proxy botnet (~200 servers seized) ~May 28 2026; PRESS (not police) attributes it to Asocks -- flag the name-linkage caveat. Silent Push tied IP 205.198.91[.]136 to asocks[.]com via the Mandarin-language LVCHA VPN (lvcha[.]in); related ASN AS48266 (catixs[.]com). No operators named. Storefront remained live post-seizure.",Malicious residential-proxy / anonymity-infrastructure TAE built on covertly infected devices; LE-disrupted May 2026 (Asocks attribution is press-sourced).
